,,,
https://yugipedia.com/wiki/Abyss_Flower_(BAM),,,
https://yugipedia.com/wiki/Acid_Rain_(BAM),,,
https://yugipedia.com/wiki/Alligator%27s_Sword_(BAM),,,
https://yugipedia.com/wiki/Ancient_Brain_(BAM),,,
https://yugipedia.com/wiki/Ansatsu_(BAM),,,
https://yugipedia.com/wiki/Anti_Raigeki_(BAM),,,
https://yugipedia.com/wiki/Archfiend_Marmot_of_Nefariousness_(BAM),,,
https://yugipedia.com/wiki/Archfiend_Mirror_(BAM),,,
https://yugipedia.com/wiki/Baby_Dragon_(BAM),,,
https://yugipedia.com/wiki/Barrel_Lily_(BAM),,,
https://yugipedia.com/wiki/Bat_(BAM),,,
https://yugipedia.com/wiki/Beast_Fangs_(BAM),,,
https://yugipedia.com/wiki/Beaver_Warrior_(BAM),,,
https://yugipedia.com/wiki/Blue_Medicine_(BAM),,,
https://yugipedia.com/wiki/Bokoichi_the_Freightening_Car_(BAM),,,
https://yugipedia.com/wiki/Bolt_Penguin_(BAM),,,
https://yugipedia.com/wiki/Boo_Koo_(BAM),,,
https://yugipedia.com/wiki/Book_of_Secret_Arts_(BAM),,,
https://yugipedia.com/wiki/Burglar_(BAM),,,
https://yugipedia.com/wiki/Burning_Spear_(BAM),,,
https://yugipedia.com/wiki/Call_of_Darkness_(BAM),,,
https://yugipedia.com/wiki/Candle_of_Fate_(BAM),,,
https://yugipedia.com/wiki/Castle_Walls_(BAM),,,
https://yugipedia.com/wiki/Change_of_Heart_(BAM),,,
https://yugipedia.com/wiki/Change_Slime_(BAM),,,
https://yugipedia.com/wiki/Crazy_Fish_(BAM),,,
https://yugipedia.com/wiki/Cyber_Commander_(BAM),,,
https://yugipedia.com/wiki/Dancing_Elf_(BAM),,,
https://yugipedia.com/wiki/Dark_Energy_(BAM),,,
https://yugipedia.com/wiki/Dark_Hole_(BAM),,,
https://yugipedia.com/wiki/Dark_Plant_(BAM),,,
https://yugipedia.com/wiki/Darkworld_Thorns_(BAM),,,
https://yugipedia.com/wiki/Dharma_Cannon_(BAM),,,
https://yugipedia.com/wiki/Dian_Keto_the_Cure_Master_(BAM),,,
https://yugipedia.com/wiki/Doron_(BAM),,,
https://yugipedia.com/wiki/Dragon_Capture_Jar_(BAM),,,
https://yugipedia.com/wiki/Dragon_Treasure_(BAM),,,
https://yugipedia.com/wiki/Dryad_(BAM),,,
https://yugipedia.com/wiki/Elf%27s_Light_(BAM),,,
https://yugipedia.com/wiki/Eradicating_Aerosol_(BAM),,,
https://yugipedia.com/wiki/Exile_of_the_Wicked_(BAM),,,
https://yugipedia.com/wiki/Fairy_Dragon_(BAM),,,
https://yugipedia.com/wiki/Fairywitch_(BAM),,,
https://yugipedia.com/wiki/Fake_Trap_(BAM),,,
https://yugipedia.com/wiki/Final_Flame_(BAM),,,
https://yugipedia.com/wiki/Fissure_(BAM),,,
https://yugipedia.com/wiki/Flame_Viper_(BAM),,,
https://yugipedia.com/wiki/Frog_the_Jam_(BAM),,,
https://yugipedia.com/wiki/Fungi_of_the_Musk_(BAM),,,
https://yugipedia.com/wiki/Gatekeeper_(BAM),,,
https://yugipedia.com/wiki/Gazelle_the_King_of_Mythical_Beasts_(BAM),,,
https://yugipedia.com/wiki/Germ_Infection_(BAM),,,
https://yugipedia.com/wiki/Giant_Flea_(BAM),,,
https://yugipedia.com/wiki/Goblin%27s_Secret_Remedy_(BAM),,,
https://yugipedia.com/wiki/Gorgon_Egg_(BAM),,,
https://yugipedia.com/wiki/Gravedigger_Ghoul_(BAM),,,
https://yugipedia.com/wiki/Gust_Fan_(BAM),,,
https://yugipedia.com/wiki/Hard_Armor_(BAM),,,
https://yugipedia.com/wiki/Harpie%27s_Feather_Duster_(BAM),,,
https://yugipedia.com/wiki/Heavy_Storm_(BAM),,,
https://yugipedia.com/wiki/Hinotama_(BAM),,,
https://yugipedia.com/wiki/Hinotama_Soul_(BAM),,,
https://yugipedia.com/wiki/Hitodenchak_(BAM),,,
https://yugipedia.com/wiki/Holograh_(BAM),,,
https://yugipedia.com/wiki/Horn_Imp_(BAM),,,
https://yugipedia.com/wiki/Horn_of_Heaven_(BAM),,,
https://yugipedia.com/wiki/Hunter_Spider_(BAM),,,
https://yugipedia.com/wiki/Insect_Armor_with_Laser_Cannon_(BAM),,,
https://yugipedia.com/wiki/Invigoration_(BAM),,,
https://yugipedia.com/wiki/Job-Change_Mirror_(BAM),,,
https://yugipedia.com/wiki/Just_Desserts_(BAM),,,
https://yugipedia.com/wiki/Kageningen_(BAM),,,
https://yugipedia.com/wiki/Kattapillar_(BAM),,,
https://yugipedia.com/wiki/Key_Mace_(BAM),,,
https://yugipedia.com/wiki/Key_Mace_2_(BAM),,,
https://yugipedia.com/wiki/Kunai_with_Chain_(BAM),,,
https://yugipedia.com/wiki/Laser_Cannon_Armor_(BAM),,,
https://yugipedia.com/wiki/Last_Day_of_Witch_(BAM),,,
https://yugipedia.com/wiki/Laughing_Flower_(BAM),,,
https://yugipedia.com/wiki/Legendary_Sword_(BAM),,,
https://yugipedia.com/wiki/M-Warrior_2_(BAM),,,
https://yugipedia.com/wiki/Machine_Conversion_Factory_(BAM),,,
https://yugipedia.com/wiki/Madjinn_Gunn_(BAM),,,
https://yugipedia.com/wiki/Man-Eating_Plant_(BAM),,,
https://yugipedia.com/wiki/Mechanicalchaser_(BAM),,,
https://yugipedia.com/wiki/Meda_Bat_(BAM),,,
https://yugipedia.com/wiki/Metalmorph_(BAM),,,
https://yugipedia.com/wiki/Millennium_Shield_(BAM),,,
https://yugipedia.com/wiki/Mirror_Force_(BAM),,,
https://yugipedia.com/wiki/Mooyan_Curry_(BAM),,,
https://yugipedia.com/wiki/Muse-A_(BAM),,,
https://yugipedia.com/wiki/Mushroom_Man_(BAM),,,
https://yugipedia.com/wiki/Mystery_Hand_(BAM),,,
https://yugipedia.com/wiki/One-Eyed_Shield_Dragon_(BAM),,,
https://yugipedia.com/wiki/Ookazi_(BAM),,,
https://yugipedia.com/wiki/Penguin_Soldier_(BAM),,,
https://yugipedia.com/wiki/Petit_Angel_(BAM),,,
https://yugipedia.com/wiki/Raigeki_(BAM),,,
https://yugipedia.com/wiki/Raimei_(BAM),,,
https://yugipedia.com/wiki/Red_Medicine_(BAM),,,
https://yugipedia.com/wiki/Reinforcements_(BAM),,,
https://yugipedia.com/wiki/Remove_Spell,,,
https://yugipedia.com/wiki/Restructer_Revolution_(BAM),,,
https://yugipedia.com/wiki/Ring_of_Magnetism_(BAM),,,
https://yugipedia.com/wiki/Robbin%27_Goblin_(BAM),,,
https://yugipedia.com/wiki/Robolady_(BAM),,,
https://yugipedia.com/wiki/Rock_Spirit_(BAM),,,
https://yugipedia.com/wiki/Royal_Decree_(BAM),,,
https://yugipedia.com/wiki/Royal_Guard_(BAM),,,
https://yugipedia.com/wiki/Salamandra_(BAM),,,
https://yugipedia.com/wiki/Seven_Tools_of_the_Bandit_(BAM),,,
https://yugipedia.com/wiki/Shadow_Specter_(BAM),,,
https://yugipedia.com/wiki/Shine_Palace_(BAM),,,
https://yugipedia.com/wiki/Shovel_Crusher_(BAM),,,
https://yugipedia.com/wiki/Silver_Bow_and_Arrow_(BAM),,,
https://yugipedia.com/wiki/Skull_Dog_Marron_(BAM),,,
https://yugipedia.com/wiki/Skull_Servant_(BAM),,,
https://yugipedia.com/wiki/Sorcerer_of_the_Doomed_(BAM),,,
https://yugipedia.com/wiki/Soul_of_the_Pure_(BAM),,,
https://yugipedia.com/wiki/Sparks_(BAM),,,
https://yugipedia.com/wiki/Steel_Shell_(BAM),,,
https://yugipedia.com/wiki/Stim-Pack_(BAM),,,
https://yugipedia.com/wiki/Stop_Defense_(BAM),,,
https://yugipedia.com/wiki/Sword_of_Dark_Destruction_(BAM),,,
https://yugipedia.com/wiki/Tentacle_Plant_(BAM),,,
https://yugipedia.com/wiki/The_Cheerful_Coffin_(BAM),,,
https://yugipedia.com/wiki/The_Drdek_(BAM),,,
https://yugipedia.com/wiki/The_Melting_Red_Shadow_(BAM),,,
https://yugipedia.com/wiki/The_Shadow_Who_Controls_the_Dark_(BAM),,,
https://yugipedia.com/wiki/Tremendous_Fire_(BAM),,,
https://yugipedia.com/wiki/Tribute_to_The_Doomed_(BAM),,,
https://yugipedia.com/wiki/Turu-Purun_(BAM),,,
https://yugipedia.com/wiki/Violet_Crystal_(BAM),,,
https://yugipedia.com/wiki/Waboku_(BAM),,,
https://yugipedia.com/wiki/Warrior_Elimination_(BAM),,,
https://yugipedia.com/wiki/White_Hole_(BAM),,,
https://yugipedia.com/wiki/Wing_Egg_Elf_(BAM),,,
https://yugipedia.com/wiki/Witch_of_the_Black_Forest_(BAM),,,
https://yugipedia.com/wiki/Wood_Remains_(BAM),,,
https://yugipedia.com/wiki/Wretched_Ghost_of_the_Attic_(BAM),,,
https://yugipedia.com/wiki/Yamatano_Dragon_Scroll_(BAM),,,
https://yugipedia.com/wiki/Yashinoki_(BAM),,,
https://yugipedia.com/wiki/Akakieisu_(BAM),,,
https://yugipedia.com/wiki/Alinsection_(BAM),,,
https://yugipedia.com/wiki/Ancient_Elf_(BAM),,,
https://yugipedia.com/wiki/Ancient_Tool_(BAM),,,
https://yugipedia.com/wiki/Ancient_Tree_of_Enlightenment_(BAM),,,
https://yugipedia.com/wiki/Anthrosaurus_(BAM),,,
https://yugipedia.com/wiki/Arlownay_(BAM),,,
https://yugipedia.com/wiki/Armaill_(BAM),,,
https://yugipedia.com/wiki/Armored_Lizard_(BAM),,,
https://yugipedia.com/wiki/Armored_Rat_(BAM),,,
https://yugipedia.com/wiki/B._Dragon_Jungle_King_(BAM),,,
https://yugipedia.com/wiki/Basic_Insect_(BAM),,,
https://yugipedia.com/wiki/Battle_Footballer_(BAM),,,
https://yugipedia.com/wiki/Battle_Steer_(BAM),,,
https://yugipedia.com/wiki/Beautiful_Headhuntress_(BAM),,,
https://yugipedia.com/wiki/Big_Insect_(BAM),,,
https://yugipedia.com/wiki/Bio_Plant_(BAM),,,
https://yugipedia.com/wiki/Blocker_(BAM),,,
https://yugipedia.com/wiki/Bone_Mouse_(BAM),,,
https://yugipedia.com/wiki/Brave_Scizzar_(BAM),,,
https://yugipedia.com/wiki/Clown_Zombie_(BAM),,,
https://yugipedia.com/wiki/Curtain_of_the_Dark_Ones_(BAM),,,
https://yugipedia.com/wiki/Dark_Gray_(BAM),,,
https://yugipedia.com/wiki/Dark_Prisoner_(BAM),,,
https://yugipedia.com/wiki/Dark_Shade_(BAM),,,
https://yugipedia.com/wiki/Dig_Beak_(BAM),,,
https://yugipedia.com/wiki/Disk_Magician_(BAM),,,
https://yugipedia.com/wiki/Djinn_the_Watcher_of_the_Wind_(BAM),,,
https://yugipedia.com/wiki/Dragon_Zombie_(BAM),,,
https://yugipedia.com/wiki/Dream_Clown_(BAM),,,
https://yugipedia.com/wiki/Dungeon_Worm_(BAM),,,
https://yugipedia.com/wiki/Eldeen_(BAM),,,
https://yugipedia.com/wiki/Embryonic_Beast_(BAM),,,
https://yugipedia.com/wiki/Empress_Mantis_(BAM),,,
https://yugipedia.com/wiki/Fairy%27s_Gift_(BAM),,,
https://yugipedia.com/wiki/Feral_Imp_(BAM),,,
https://yugipedia.com/wiki/Fiend%27s_Hand_(BAM),,,
https://yugipedia.com/wiki/Fire_Eye_(BAM),,,
https://yugipedia.com/wiki/Firegrass_(BAM),,,
https://yugipedia.com/wiki/Firewing_Pegasus_(BAM),,,
https://yugipedia.com/wiki/Flame_Dancer_(BAM),,,
https://yugipedia.com/wiki/Flame_Manipulator_(BAM),,,
https://yugipedia.com/wiki/Frenzied_Panda_(BAM),,,
https://yugipedia.com/wiki/Ganigumo_(BAM),,,
https://yugipedia.com/wiki/Garoozis_(BAM),,,
https://yugipedia.com/wiki/Gate_Deeg_(BAM),,,
https://yugipedia.com/wiki/Ghoul_with_an_Appetite_(BAM),,,
https://yugipedia.com/wiki/Giga-Tech_Wolf_(BAM),,,
https://yugipedia.com/wiki/Giganto_(BAM),,,
https://yugipedia.com/wiki/Girochin_Kuwagata_(BAM),,,
https://yugipedia.com/wiki/Gokibore_(BAM),,,
https://yugipedia.com/wiki/Golgoil_(BAM),,,
https://yugipedia.com/wiki/Graveyard_and_the_Hand_of_Invitation_(BAM),,,
https://yugipedia.com/wiki/Green_Phantom_King_(BAM),,,
https://yugipedia.com/wiki/Griffore_(BAM),,,
https://yugipedia.com/wiki/Happy_Lover_(BAM),,,
https://yugipedia.com/wiki/Hibikime_(BAM),,,
https://yugipedia.com/wiki/Hitotsu-Me_Giant_(BAM),,,
https://yugipedia.com/wiki/Hourglass_of_Life_(BAM),,,
https://yugipedia.com/wiki/Hyo_(BAM),,,
https://yugipedia.com/wiki/Ill_Witch_(BAM),,,
https://yugipedia.com/wiki/Invader_from_Another_Dimension_(BAM),,,
https://yugipedia.com/wiki/Kamakiriman_(BAM),,,
https://yugipedia.com/wiki/Korogashi_(BAM),,,
https://yugipedia.com/wiki/Kumootoko_(BAM),,,
https://yugipedia.com/wiki/LaMoon_(BAM),,,
https://yugipedia.com/wiki/Larvas_(BAM),,,
https://yugipedia.com/wiki/Lesser_Dragon_(BAM),,,
https://yugipedia.com/wiki/Lisark_(BAM),,,
https://yugipedia.com/wiki/Lord_of_Zemia_(BAM),,,
https://yugipedia.com/wiki/Lucky_Trinket_(BAM),,,
https://yugipedia.com/wiki/Lunar_Queen_Elzaim_(BAM),,,
https://yugipedia.com/wiki/Mabarrel_(BAM),,,
https://yugipedia.com/wiki/Machine_Attacker_(BAM),,,
https://yugipedia.com/wiki/Magical_Ghost_(BAM),,,
https://yugipedia.com/wiki/Masked_Clown_(BAM),,,
https://yugipedia.com/wiki/Mech_Bass_(BAM),,,
https://yugipedia.com/wiki/Mech_Mole_Zombie_(BAM),,,
https://yugipedia.com/wiki/Mechanical_Snail_(BAM),,,
https://yugipedia.com/wiki/Megasonic_Eye_(BAM),,,
https://yugipedia.com/wiki/Megirus_Light_(BAM),,,
https://yugipedia.com/wiki/Meotoko_(BAM),,,
https://yugipedia.com/wiki/Misairuzame_(BAM),,,
https://yugipedia.com/wiki/Mountain_Warrior_(BAM),,,
https://yugipedia.com/wiki/Mystical_Capture_Chain_(BAM),,,
https://yugipedia.com/wiki/Mystical_Elf_(BAM),,,
https://yugipedia.com/wiki/Mystical_Sheep_2_(BAM),,,
https://yugipedia.com/wiki/Neck_Hunter_(BAM),,,
https://yugipedia.com/wiki/Nekogal_1_(BAM),,,
https://yugipedia.com/wiki/Nightmare_Scorpion_(BAM),,,
https://yugipedia.com/wiki/Obese_Marmot_of_Nefariousness_(BAM),,,
https://yugipedia.com/wiki/Parrot_Dragon_(BAM),,,
https://yugipedia.com/wiki/Petit_Moth_(BAM),,,
https://yugipedia.com/wiki/Phantom_Dewan_(BAM),,,
https://yugipedia.com/wiki/Phantom_Ghost_(BAM),,,
https://yugipedia.com/wiki/Pharaoh%27s_Servant_(BAM),,,
https://yugipedia.com/wiki/Prevent_Rat_(BAM),,,
https://yugipedia.com/wiki/Protector_of_the_Throne_(BAM),,,
https://yugipedia.com/wiki/Queen_of_Autumn_Leaves_(BAM),,,
https://yugipedia.com/wiki/Ray_%26_Temperature_(BAM),,,
https://yugipedia.com/wiki/Rock_Ogre_Grotto_1_(BAM),,,
https://yugipedia.com/wiki/Rogue_Doll_(BAM),,,
https://yugipedia.com/wiki/Saggi_the_Dark_Clown_(BAM),,,
https://yugipedia.com/wiki/Sectarian_of_Secrets_(BAM),,,
https://yugipedia.com/wiki/Shining_Friendship_(BAM),,,
https://yugipedia.com/wiki/Silver_Fang_(BAM),,,
https://yugipedia.com/wiki/Skull_Stalker_(BAM),,,
https://yugipedia.com/wiki/Sleeping_Lion_(BAM),,,
https://yugipedia.com/wiki/Solitude_(BAM),,,
https://yugipedia.com/wiki/Soul_Tiger_(BAM),,,
https://yugipedia.com/wiki/Spirit_of_the_Harp_(BAM),,,
https://yugipedia.com/wiki/Spirit_of_the_Mountain_(BAM),,,
https://yugipedia.com/wiki/Spirit_of_the_Winds_(BAM),,,
https://yugipedia.com/wiki/Synchar_(BAM),,,
https://yugipedia.com/wiki/Tatsunootoshigo_(BAM),,,
https://yugipedia.com/wiki/Temple_of_Skulls_(BAM),,,
https://yugipedia.com/wiki/Tenderness_(BAM),,,
https://yugipedia.com/wiki/Terra_the_Terrible_(BAM),,,
https://yugipedia.com/wiki/That_Which_Feeds_on_Life_(BAM),,,
https://yugipedia.com/wiki/The_13th_Grave_(BAM),,,
https://yugipedia.com/wiki/The_Stern_Mystic_(BAM),,,
https://yugipedia.com/wiki/Three-Legged_Zombies_(BAM),,,
https://yugipedia.com/wiki/Toad_Master_(BAM),,,
https://yugipedia.com/wiki/Tongyo_(BAM),,,
https://yugipedia.com/wiki/Torike_(BAM),,,
https://yugipedia.com/wiki/Trap_Master_(BAM),,,
https://yugipedia.com/wiki/Unknown_Warrior_of_Fiend_(BAM),,,
https://yugipedia.com/wiki/Water_Omotics_(BAM),,,
https://yugipedia.com/wiki/Weather_Control_(BAM),,,
https://yugipedia.com/wiki/Wilmee_(BAM),,,
https://yugipedia.com/wiki/Winged_Cleaver_(BAM),,,
https://yugipedia.com/wiki/Winged_Dragon,_Guardian_of_the_Fortress_2_(BAM),,,
https://yugipedia.com/wiki/Wings_of_Wicked_Flame_(BAM),,,
https://yugipedia.com/wiki/Witty_Phantom_(BAM),,,
https://yugipedia.com/wiki/Wolf_(BAM),,,
https://yugipedia.com/wiki/Yaiba_Robo_(BAM),,,
https://yugipedia.com/wiki/Acid_Crawler_(BAM),,,
https://yugipedia.com/wiki/Aqua_Madoor_(BAM),,,
https://yugipedia.com/wiki/Armored_Zombie_(BAM),,,
https://yugipedia.com/wiki/Axe_Raider_(BAM),,,
https://yugipedia.com/wiki/Bean_Soldier_(BAM),,,
https://yugipedia.com/wiki/Binding_Chain_(BAM),,,
https://yugipedia.com/wiki/Blackland_Fire_Dragon_(BAM),,,
https://yugipedia.com/wiki/Celtic_Guardian_(BAM),,,
https://yugipedia.com/wiki/Chu-Ske_the_Mouse_Fighter_(BAM),,,
https://yugipedia.com/wiki/Claw_Reacher_(BAM),,,
https://yugipedia.com/wiki/Crawling_Dragon_(BAM),,,
https://yugipedia.com/wiki/Cyber_Soldier_(BAM),,,
https://yugipedia.com/wiki/Cyber_Soldier_of_Darkworld_(BAM),,,
https://yugipedia.com/wiki/Dark_Assailant_(BAM),,,
https://yugipedia.com/wiki/Dark_King_of_the_Abyss_(BAM),,,
https://yugipedia.com/wiki/Dark_Rabbit_(BAM),,,
https://yugipedia.com/wiki/Dark_Titan_of_Terror_(BAM),,,
https://yugipedia.com/wiki/Dice_Armadillo_(BAM),,,
https://yugipedia.com/wiki/Fire_Reaper_(BAM),,,
https://yugipedia.com/wiki/Fireyarou_(BAM),,,
https://yugipedia.com/wiki/Flame_Cerebrus_(BAM),,,
https://yugipedia.com/wiki/Genin_(BAM),,,
https://yugipedia.com/wiki/Giant_Mech-Soldier_(BAM),,,
https://yugipedia.com/wiki/Giant_Scorpion_of_the_Tundra_(BAM),,,
https://yugipedia.com/wiki/Great_Bill_(BAM),,,
https://yugipedia.com/wiki/Hercules_Beetle_(BAM),,,
https://yugipedia.com/wiki/Kojikocy_(BAM),,,
https://yugipedia.com/wiki/Koumori_Dragon_(BAM),,,
https://yugipedia.com/wiki/Kuwagata_Alpha_(BAM),,,
https://yugipedia.com/wiki/Lady_of_Faith_(BAM),,,
https://yugipedia.com/wiki/Maiden_of_the_Moonlight_(BAM),,,
https://yugipedia.com/wiki/Master_%26_Expert_(BAM),,,
https://yugipedia.com/wiki/Metal_Guardian_(BAM),,,
https://yugipedia.com/wiki/Midnight_Fiend_(BAM),,,
https://yugipedia.com/wiki/Mikazukinoyaiba_(BAM),,,
https://yugipedia.com/wiki/Mon_Larvas_(BAM),,,
https://yugipedia.com/wiki/Morinphen_(BAM),,,
https://yugipedia.com/wiki/Ocubeam_(BAM),,,
https://yugipedia.com/wiki/Ogre_of_the_Black_Shadow_(BAM),,,
https://yugipedia.com/wiki/One_Who_Hunts_Souls_(BAM),,,
https://yugipedia.com/wiki/Orion_the_Battle_King_(BAM),,,
https://yugipedia.com/wiki/Pale_Beast_(BAM),,,
https://yugipedia.com/wiki/Pendulum_Machine_(BAM),,,
https://yugipedia.com/wiki/Petit_Dragon_(BAM),,,
https://yugipedia.com/wiki/Ryu-Kishin_(BAM),,,
https://yugipedia.com/wiki/Solemn_Judgment_(BAM),,,
https://yugipedia.com/wiki/Spikebot_(BAM),,,
https://yugipedia.com/wiki/Suijin_(BAM),,,
https://yugipedia.com/wiki/The_Snake_Hair_(BAM),,,
https://yugipedia.com/wiki/The_Wandering_Doomed_(BAM),,,
https://yugipedia.com/wiki/Tiger_Axe_(BAM),,,
https://yugipedia.com/wiki/Water_Element_(BAM),,,
https://yugipedia.com/wiki/Water_Magician_(BAM),,,
https://yugipedia.com/wiki/Wicked_Dragon_with_the_Ersatz_Head_(BAM),,,
https://yugipedia.com/wiki/Winged_Dragon,_Guardian_of_the_Fortress_1_(BAM),,,
https://yugipedia.com/wiki/Winged_Egg_of_New_Life_(BAM),,,
https://yugipedia.com/wiki/Yaranzo_(BAM),,,
https://yugipedia.com/wiki/Zanki_(BAM),,,
https://yugipedia.com/wiki/Battle_Ox_(BAM),,,
https://yugipedia.com/wiki/Corroding_Shark_(BAM),,,
https://yugipedia.com/wiki/Curse_of_Dragon_(BAM),,,
https://yugipedia.com/wiki/Dark_Chimera_(BAM),,,
https://yugipedia.com/wiki/Dark_Magician_(BAM),,,
https://yugipedia.com/wiki/Doma_the_Angel_of_Silence_(BAM),,,
https://yugipedia.com/wiki/Garvas_(BAM),,,
https://yugipedia.com/wiki/Gyakutenno_Megami_(BAM),,,
https://yugipedia.com/wiki/Kagemusha_of_the_Blue_Flame_(BAM),,,
https://yugipedia.com/wiki/Killer_Needle_(BAM),,,
https://yugipedia.com/wiki/King_Fog_(BAM),,,
https://yugipedia.com/wiki/Leogun_(BAM),,,
https://yugipedia.com/wiki/Meteor_Dragon_(BAM),,,
https://yugipedia.com/wiki/Nekogal_2_(BAM),,,
https://yugipedia.com/wiki/Rude_Kaiser_(BAM),,,
https://yugipedia.com/wiki/Sky_Dragon_(BAM),,,
https://yugipedia.com/wiki/Togex_(BAM),,,
https://yugipedia.com/wiki/Yamadron_(BAM),,,
https://yugipedia.com/wiki/Air_Eater_(BAM),,,
https://yugipedia.com/wiki/Blue-Eyes_White_Dragon_(BAM),,,
https://yugipedia.com/wiki/Summoned_Skull_(BAM),,,
https://yugipedia.com/wiki/Ushi_Oni_(BAM),,,
https://yugipedia.com/wiki/Baron_of_the_Fiend_Sword_(BAM),,,
https://yugipedia.com/wiki/Dokuroizo_the_Grim_Reaper_(BAM),,,
https://yugipedia.com/wiki/Mystic_Horseman_(BAM),,,
https://yugipedia.com/wiki/Armored_Starfish_(BAM),,,
https://yugipedia.com/wiki/Bladefly_(BAM),,,
https://yugipedia.com/wiki/Blue-Eyed_Silver_Zombie_(BAM),,,
https://yugipedia.com/wiki/Cockroach_Knight_(BAM),,,
https://yugipedia.com/wiki/Gale_Dogra_(BAM),,,
https://yugipedia.com/wiki/Goddess_of_Whim_(BAM),,,
https://yugipedia.com/wiki/Great_White_(BAM),,,
https://yugipedia.com/wiki/Ground_Attacker_Bugroth_(BAM),,,
https://yugipedia.com/wiki/Illusionist_Faceless_Mage_(BAM),,,
https://yugipedia.com/wiki/Insect_Soldiers_of_the_Sky_(BAM),,,
https://yugipedia.com/wiki/Leghul_(BAM),,,
https://yugipedia.com/wiki/Living_Vase_(BAM),,,
https://yugipedia.com/wiki/M-Warrior_1_(BAM),,,
https://yugipedia.com/wiki/Magical_Thorn_(BAM),,,
https://yugipedia.com/wiki/Man_Eater_(BAM),,,
https://yugipedia.com/wiki/Milus_Radiant_(BAM),,,
https://yugipedia.com/wiki/Mushroom_Man_2_(BAM),,,
https://yugipedia.com/wiki/Pumpking_the_King_of_Ghosts_(BAM),,,
https://yugipedia.com/wiki/Rainbow_Flower_(BAM),,,
https://yugipedia.com/wiki/Rhaimundos_of_the_Red_Sword_(BAM),,,
https://yugipedia.com/wiki/Snakeyashi_(BAM),,,
https://yugipedia.com/wiki/Sword_Arm_of_Dragon_(BAM),,,
https://yugipedia.com/wiki/Trent_(BAM),,,
https://yugipedia.com/wiki/Wodan_the_Resident_of_the_Forest_(BAM),,,
https://yugipedia.com/wiki/Wood_Clown_(BAM),,,
https://yugipedia.com/wiki/Beastking_of_the_Swamps_(BAM),,,
https://yugipedia.com/wiki/Jirai_Gumo_(BAM),,,
https://yugipedia.com/wiki/Judge_Man_(BAM),,,
https://yugipedia.com/wiki/Kuriboh_(BAM),,,
https://yugipedia.com/wiki/Spiked_Snail_(BAM),,,
https://yugipedia.com/wiki/Blue-Winged_Crown_(BAM),,,
https://yugipedia.com/wiki/Crow_Goblin_(BAM),,,
https://yugipedia.com/wiki/Droll_Bird_(BAM),,,
https://yugipedia.com/wiki/Faith_Bird_(BAM),,,
https://yugipedia.com/wiki/Fiend_Reflection_2_(BAM),,,
https://yugipedia.com/wiki/Harpie_Lady_(BAM),,,
https://yugipedia.com/wiki/Kurama_(BAM),,,
https://yugipedia.com/wiki/Monstrous_Bird_(BAM),,,
https://yugipedia.com/wiki/Niwatori_(BAM),,,
https://yugipedia.com/wiki/Skull_Red_Bird_(BAM),,,
https://yugipedia.com/wiki/Spirit_of_the_Books_(BAM),,,
https://yugipedia.com/wiki/Takuhee_(BAM),,,
https://yugipedia.com/wiki/Tyhone_(BAM),,,
https://yugipedia.com/wiki/Wing_Eagle_(BAM),,,
https://yugipedia.com/wiki/Harpie_Lady_Sisters_(BAM),,,
https://yugipedia.com/wiki/Fiend_Reflection_1_(BAM),,,
https://yugipedia.com/wiki/Cyber_Shield_(BAM),,,
https://yugipedia.com/wiki/Follow_Wind_(BAM),,,
https://yugipedia.com/wiki/Sword_of_Deep-Seated_(BAM),,,
https://yugipedia.com/wiki/Cannon_Soldier_(BAM),,,
https://yugipedia.com/wiki/Cyber-Stein_(BAM),,,
https://yugipedia.com/wiki/Hourglass_of_Courage_(BAM),,,
https://yugipedia.com/wiki/Monster_Egg_(BAM),,,
https://yugipedia.com/wiki/Oscillo_Hero_(BAM),,,
https://yugipedia.com/wiki/Patrol_Robo_(BAM),,,
https://yugipedia.com/wiki/Pot_the_Trick_(BAM),,,
https://yugipedia.com/wiki/Steel_Ogre_Grotto_1_(BAM),,,
https://yugipedia.com/wiki/Sengenjin_(BAM),,,
https://yugipedia.com/wiki/Bolt_Escargot_(BAM),,,
https://yugipedia.com/wiki/Electric_Lizard_(BAM),,,
https://yugipedia.com/wiki/LaLa_Li-Oon_(BAM),,,
https://yugipedia.com/wiki/Mega_Thunderball_(BAM),,,
https://yugipedia.com/wiki/Sanga_of_the_Thunder_(BAM),,,
https://yugipedia.com/wiki/Thunder_Dragon_(BAM),,,
https://yugipedia.com/wiki/Thunder_Kid_(BAM),,,
https://yugipedia.com/wiki/Tripwire_Beast_(BAM),,,
https://yugipedia.com/wiki/Wattkid_(BAM),,,
https://yugipedia.com/wiki/The_Immortal_of_Thunder_(BAM),,,
https://yugipedia.com/wiki/Curse_of_Darkness_(BAM),,,
https://yugipedia.com/wiki/Dark_Room_of_Nightmare_(BAM),,,
https://yugipedia.com/wiki/De-Spell_(BAM),,,
https://yugipedia.com/wiki/Electro-Whip_(BAM),,,
https://yugipedia.com/wiki/Life_Absorbing_Machine_(BAM),,,
https://yugipedia.com/wiki/Magic_Jammer_(BAM),,,
https://yugipedia.com/wiki/Mystical_Moon_(BAM),,,
https://yugipedia.com/wiki/Rainbow_Life_(BAM),,,
https://yugipedia.com/wiki/Ultimate_Offering_(BAM),,,
https://yugipedia.com/wiki/Vile_Germs_(BAM),,,
https://yugipedia.com/wiki/Ancient_Jar_(BAM),,,
https://yugipedia.com/wiki/Barrel_Rock_(BAM),,,
https://yugipedia.com/wiki/Destroyer_Golem_(BAM),,,
https://yugipedia.com/wiki/Dissolverock_(BAM),,,
https://yugipedia.com/wiki/Giant_Soldier_of_Stone_(BAM),,,
https://yugipedia.com/wiki/Haniwa_(BAM),,,
https://yugipedia.com/wiki/Millennium_Golem_(BAM),,,
https://yugipedia.com/wiki/Minomushi_Warrior_(BAM),,,
https://yugipedia.com/wiki/Rock_Ogre_Grotto_2_(BAM),,,
https://yugipedia.com/wiki/Stone_Armadiller_(BAM),,,
https://yugipedia.com/wiki/Stone_Dragon_(BAM),,,
https://yugipedia.com/wiki/Stone_Ghost_(BAM),,,
https://yugipedia.com/wiki/Master_Gig_(BAM),,,
https://yugipedia.com/wiki/Armored_Axon_Kicker_(BAM),,,
https://yugipedia.com/wiki/Genetic_Woman_(BAM),,,
https://yugipedia.com/wiki/Thought_Ruler_Archfiend_(BAM),,,
https://yugipedia.com/wiki/Telekinetic_Charging_Cell_(BAM),,,
https://yugipedia.com/wiki/Reinforced_Human_Psychic_Borg_(BAM),,,
https://yugipedia.com/wiki/Psychic_Lifetrancer_(BAM),,,
https://yugipedia.com/wiki/Destructotron_(BAM),,,
https://yugipedia.com/wiki/Psi-Impulse_(BAM),,,
https://yugipedia.com/wiki/Doctor_Cranium_(BAM),,,
https://yugipedia.com/wiki/Psi-Station_(BAM),,,
https://yugipedia.com/wiki/Overdrive_Teleporter_(BAM),,,
https://yugipedia.com/wiki/Psychic_Jumper_(BAM),,,
https://yugipedia.com/wiki/Psychic_Commander_(BAM),,,
https://yugipedia.com/wiki/Hyper_Psychic_Blaster_(BAM),,,
https://yugipedia.com/wiki/Lifeforce_Harmonizer_(BAM),,,
https://yugipedia.com/wiki/A_Cat_of_Ill_Omen_(BAM),,,
https://yugipedia.com/wiki/Dark_Bat_(BAM),,,
https://yugipedia.com/wiki/Burning_Skull_Head_(BAM),,,
https://yugipedia.com/wiki/Malice_Doll_of_Demise_(BAM),,,
https://yugipedia.com/wiki/Vampire_Lord_(BAM),,,
https://yugipedia.com/wiki/Call_of_the_Haunted_(BAM),,,
https://yugipedia.com/wiki/Wandering_Mummy_(BAM),,,
https://yugipedia.com/wiki/Armed_Sea_Hunter_(BAM),,,
https://yugipedia.com/wiki/Orca_Mega-Fortress_of_Darkness_(BAM),,,
https://yugipedia.com/wiki/Umiiruka_(BAM),,,
https://yugipedia.com/wiki/Caravan_of_the_Ice_Barrier_(BAM),,,
https://yugipedia.com/wiki/Umi_(BAM),,,
https://yugipedia.com/wiki/Spike_Seadra_(BAM),,,
https://yugipedia.com/wiki/Takriminos_(BAM),,,
https://yugipedia.com/wiki/Sea_Dragon_Lord_Gishilnodon_(BAM),,,
https://yugipedia.com/wiki/Sea_Serpent_Warrior_of_Darkness_(BAM),,,
https://yugipedia.com/wiki/Kaiser_Sea_Horse_(BAM),,,
https://yugipedia.com/wiki/Kairyu-Shin_(BAM),,,
https://yugipedia.com/wiki/Crawling_Dragon_2_(BAM),,,
https://yugipedia.com/wiki/Kabazauls_(BAM),,,
https://yugipedia.com/wiki/Little_D_(BAM),,,
https://yugipedia.com/wiki/Mammoth_Graveyard_(BAM),,,
https://yugipedia.com/wiki/Megazowler_(BAM),,,
https://yugipedia.com/wiki/Super-Ancient_Dinobeast_(BAM),,,
https://yugipedia.com/wiki/Tomozaurus_(BAM),,,
https://yugipedia.com/wiki/Trakodon_(BAM),,,
https://yugipedia.com/wiki/Two-Headed_King_Rex_(BAM),,,
https://yugipedia.com/wiki/Two-Mouth_Darkruler_(BAM),,,
https://yugipedia.com/wiki/Uraby_(BAM),,,
https://yugipedia.com/wiki/7_Colored_Fish_(BAM),,,
https://yugipedia.com/wiki/Abyssal_Kingshark_(BAM),,,
https://yugipedia.com/wiki/Amazon_of_the_Seas_(BAM),,,
https://yugipedia.com/wiki/Bottom_Dweller_(BAM),,,
https://yugipedia.com/wiki/Cranium_Fish_(BAM),,,
https://yugipedia.com/wiki/Cure_Mermaid_(BAM),,,
https://yugipedia.com/wiki/Earthbound_Immortal_Chacu_Challhua_(BAM),,,
https://yugipedia.com/wiki/Superancient_Deepsea_King_Coelacanth_(BAM),,,
https://yugipedia.com/wiki/Terrorking_Salmon_(BAM),,,
https://yugipedia.com/wiki/White_Dolphin_(BAM),,,
https://yugipedia.com/wiki/Grappler_(BAM),,,
https://yugipedia.com/wiki/Beaked_Snake_(BAM),,,
https://yugipedia.com/wiki/Evil_Dragon_Ananta_(BAM),,,
https://yugipedia.com/wiki/Mechaleon_(BAM),,,
https://yugipedia.com/wiki/Toon_Alligator_(BAM),,,
https://yugipedia.com/wiki/Krokodilus_(BAM),,,
https://yugipedia.com/wiki/Ancient_Lizard_Warrior_(BAM),,,
https://yugipedia.com/wiki/Serpent_Marauder_(BAM),,,
https://yugipedia.com/wiki/Drooling_Lizard_(BAM),,,
https://yugipedia.com/wiki/Yormungarde_(BAM),,,
https://yugipedia.com/wiki/Volcanic_Doomfire_(BAM),,,
https://yugipedia.com/wiki/A_Feather_of_the_Phoenix_(BAM),,,
https://yugipedia.com/wiki/Inferno_Fire_Blast_(BAM),,,
https://yugipedia.com/wiki/Infernal_Flame_Emperor_(BAM),,,
https://yugipedia.com/wiki/Hino-Kagu-Tsuchi_(BAM),,,
https://yugipedia.com/wiki/Burning_Algae_(BAM),,,
https://yugipedia.com/wiki/Helios_Duo_Megistus_(BAM),,,
https://yugipedia.com/wiki/Genex_Furnace_(BAM),,,
https://yugipedia.com/wiki/Flamvell_Poun_(BAM),,,
https://yugipedia.com/wiki/Dragon_Piper_(BAM),,,
https://yugipedia.com/wiki/Two-Pronged_Attack_(BAM),,,
https://yugipedia.com/wiki/Metallizing_Parasite_-_Lunatite_(BAM),,,
https://yugipedia.com/wiki/Fiend_Kraken_(BAM),,,
https://yugipedia.com/wiki/Jellyfish_(BAM),,,
https://yugipedia.com/wiki/Catapult_Turtle_(BAM),,,
https://yugipedia.com/wiki/Akihiron_(BAM),,,
https://yugipedia.com/wiki/Monsturtle_(BAM),,,
https://yugipedia.com/wiki/Turtle_Tiger_(BAM),,,
https://yugipedia.com/wiki/Arma_Knight_(BAM),,,
https://yugipedia.com/wiki/Dorover_(BAM),,,
https://yugipedia.com/wiki/Twin_Long_Rods_1_(BAM),,,
https://yugipedia.com/wiki/The_Furious_Sea_King_(BAM),,,
https://yugipedia.com/wiki/Ooguchi_(BAM),,,
https://yugipedia.com/wiki/Waterdragon_Fairy_(BAM),,,
https://yugipedia.com/wiki/Wetha_(BAM),,,
https://yugipedia.com/wiki/Consecrated_Light_(BAM),,,
https://yugipedia.com/wiki/Snowman_Eater_(BAM),,,
https://yugipedia.com/wiki/Driving_Snow_(BAM),,,
https://yugipedia.com/wiki/Hoshiningen_(BAM),,,
https://yugipedia.com/wiki/Gift_Card_(BAM),,,
https://yugipedia.com/wiki/Crystal_Tree_(BAM),,,
https://yugipedia.com/wiki/Star_Light,_Star_Bright_(BAM),,,
https://yugipedia.com/wiki/The_Nordic_Lights_(BAM),,,
https://yugipedia.com/wiki/Doom_Donuts_(BAM),,,
https://yugipedia.com/wiki/Shining_Angel_(BAM),,,
https://yugipedia.com/wiki/Sacred_Spirit_of_the_Ice_Barrier_(BAM),,,
https://yugipedia.com/wiki/Ceremonial_Bell_(BAM),,,
https://yugipedia.com/wiki/Toy_Magician_(BAM),,,
https://yugipedia.com/wiki/Levia-Dragon_-_Daedalus_(BAM),,,
https://yugipedia.com/wiki/Super_Conductor_Tyranno_(BAM),,,
https://yugipedia.com/wiki/Buster_Blader_(BAM),,,
https://yugipedia.com/wiki/Gladiator_Beast_Alexander_(BAM),,,
https://yugipedia.com/wiki/Commander_Gottoms,_Swordmaster_(BAM),,,
https://yugipedia.com/wiki/Despair_from_the_Dark_(BAM),,,
https://yugipedia.com/wiki/B.E.S._Big_Core_MK-2_(BAM),,,
https://yugipedia.com/wiki/Tytannial,_Princess_of_Camellias_(BAM),,,
https://yugipedia.com/wiki/Ocean_Dragon_Lord_-_Neo-Daedalus_(BAM),,,
https://yugipedia.com/wiki/Jurrac_Titano_(BAM),,,
https://yugipedia.com/wiki/Royal_Knight_of_the_Ice_Barrier_(BAM),,,
https://yugipedia.com/wiki/Mosaic_Manticore_(BAM),,,
https://yugipedia.com/wiki/Mystical_Knight_of_Jackal_(BAM),,,
https://yugipedia.com/wiki/Berserk_Dragon_(BAM),,,
https://yugipedia.com/wiki/Archlord_Zerato_(BAM),,,
https://yugipedia.com/wiki/Koitsu_(BAM),,,
https://yugipedia.com/wiki/Flying_Fortress_SKY_FIRE_(BAM),,,
https://yugipedia.com/wiki/Phoenixian_Cluster_Amaryllis_(BAM),,,
https://yugipedia.com/wiki/List_of_Yu-Gi-Oh!_BAM_cards?action=edit&section=2,,,
https://yugipedia.com/wiki/A_Legendary_Ocean_(BAM),,,
https://yugipedia.com/wiki/Abyssal_Designator_(BAM),,,
https://yugipedia.com/wiki/Advanced_Dark_(BAM),,,
https://yugipedia.com/wiki/Aegis_of_the_Ocean_Dragon_Lord_(BAM),,,
https://yugipedia.com/wiki/Against_the_Wind_(BAM),,,
https://yugipedia.com/wiki/Alien_Hunter_(BAM),,,
https://yugipedia.com/wiki/Allure_of_Darkness_(BAM),,,
https://yugipedia.com/wiki/Amulet_of_Ambition_(BAM),,,
https://yugipedia.com/wiki/Ancient_Gear_(BAM),,,
https://yugipedia.com/wiki/Ancient_Gear_Beast_(BAM),,,
https://yugipedia.com/wiki/Ancient_Gear_Cannon_(BAM),,,
https://yugipedia.com/wiki/Ancient_Gear_Engineer_(BAM),,,
https://yugipedia.com/wiki/Ancient_Gear_Gadjiltron_Chimera_(BAM),,,
https://yugipedia.com/wiki/Ancient_Gear_Gadjiltron_Dragon_(BAM),,,
https://yugipedia.com/wiki/Ancient_Gear_Golem_(BAM),,,
https://yugipedia.com/wiki/Ancient_Gear_Knight_(BAM),,,
https://yugipedia.com/wiki/Ancient_Gear_Soldier_(BAM),,,
https://yugipedia.com/wiki/Ancient_Leaf_(BAM),,,
https://yugipedia.com/wiki/Anti-Spell_(BAM),,,
https://yugipedia.com/wiki/Archlord_Kristya_(BAM),,,
https://yugipedia.com/wiki/Ascending_Soul_(BAM),,,
https://yugipedia.com/wiki/Atlantean_Attack_Squad_(BAM),,,
https://yugipedia.com/wiki/Atlantean_Heavy_Infantry_(BAM),,,
https://yugipedia.com/wiki/Atlantean_Marksman_(BAM),,,
https://yugipedia.com/wiki/Atlantean_Pikeman_(BAM),,,
https://yugipedia.com/wiki/Attack_the_Moon!_(BAM),,,
https://yugipedia.com/wiki/Aurkus,_Lightsworn_Druid_(BAM),,,
https://yugipedia.com/wiki/Barkion%27s_Bark_(BAM),,,
https://yugipedia.com/wiki/Beckoning_Light_(BAM),,,
https://yugipedia.com/wiki/Berserker_Crush_(BAM),,,
https://yugipedia.com/wiki/Big_Burn_(BAM),,,
https://yugipedia.com/wiki/Big_Evolution_Pill_(BAM),,,
https://yugipedia.com/wiki/Birthright_(BAM),,,
https://yugipedia.com/wiki/Black_Luster_Soldier_(BAM),,,
https://yugipedia.com/wiki/Black_Tyranno_(BAM),,,
https://yugipedia.com/wiki/Black_Whirlwind_(BAM),,,
https://yugipedia.com/wiki/Blackback_(BAM),,,
https://yugipedia.com/wiki/Blackwing_-_Abrolhos_the_Megaquake_(BAM),,,
https://yugipedia.com/wiki/Blackwing_-_Aurora_the_Northern_Lights_(BAM),,,
https://yugipedia.com/wiki/Blackwing_-_Backlash_(BAM),,,
https://yugipedia.com/wiki/Blackwing_-_Blizzard_the_Far_North_(BAM),,,
https://yugipedia.com/wiki/Blackwing_-_Bombardment_(BAM),,,
https://yugipedia.com/wiki/Blackwing_-_Boobytrap_(BAM),,,
https://yugipedia.com/wiki/Blackwing_-_Bora_the_Spear_(BAM),,,
https://yugipedia.com/wiki/Blackwing_-_Boreas_the_Sharp_(BAM),,,
https://yugipedia.com/wiki/Blackwing_-_Breeze_the_Zephyr_(BAM),,,
https://yugipedia.com/wiki/Blackwing_-_Brisote_the_Tailwind_(BAM),,,
https://yugipedia.com/wiki/Blackwing_-_Calima_the_Haze_(BAM),,,
https://yugipedia.com/wiki/Blackwing_-_Damascus_the_Polar_Night_(BAM),,,
https://yugipedia.com/wiki/Blackwing_-_Elphin_the_Raven_(BAM),,,
https://yugipedia.com/wiki/Blackwing_-_Etesian_of_Two_Swords_(BAM),,,
https://yugipedia.com/wiki/Blackwing_-_Fane_the_Steel_Chain_(BAM),,,
https://yugipedia.com/wiki/Blackwing_-_Gale_the_Whirlwind_(BAM),,,
https://yugipedia.com/wiki/Blackwing_-_Ghibli_the_Searing_Wind_(BAM),,,
https://yugipedia.com/wiki/Blackwing_-_Gladius_the_Midnight_Sun_(BAM),,,
https://yugipedia.com/wiki/Blackwing_-_Gust_the_Backblast_(BAM),,,
https://yugipedia.com/wiki/Blackwing_-_Hillen_the_Tengu-wind_(BAM),,,
https://yugipedia.com/wiki/Blackwing_-_Jetstream_the_Blue_Sky_(BAM),,,
https://yugipedia.com/wiki/Blackwing_-_Jin_the_Rain_Shadow_(BAM),,,
https://yugipedia.com/wiki/Blackwing_-_Kalut_the_Moon_Shadow_(BAM),,,
https://yugipedia.com/wiki/Blackwing_-_Kochi_the_Daybreak_(BAM),,,
https://yugipedia.com/wiki/Blackwing_-_Kogarashi_the_Wanderer_(BAM),,,
https://yugipedia.com/wiki/Blackwing_-_Mistral_the_Silver_Shield_(BAM),,,
https://yugipedia.com/wiki/Blackwing_-_Shura_the_Blue_Flame_(BAM),,,
https://yugipedia.com/wiki/Blackwing_-_Sirocco_the_Dawn_(BAM),,,
https://yugipedia.com/wiki/Blackwing_-_Vayu_the_Emblem_of_Honor_(BAM),,,
https://yugipedia.com/wiki/Blackwing_-_Zephyros_the_Elite_(BAM),,,
https://yugipedia.com/wiki/Blast_Juggler_(BAM),,,
https://yugipedia.com/wiki/Blessings_for_Gusto_(BAM),,,
https://yugipedia.com/wiki/Bombardment_Beetle_(BAM),,,
https://yugipedia.com/wiki/Book_of_Life_(BAM),,,
https://yugipedia.com/wiki/Broww,_Huntsman_of_Dark_World_(BAM),,,
https://yugipedia.com/wiki/Caam,_Serenity_of_Gusto_(BAM),,,
https://yugipedia.com/wiki/Call_of_the_Earthbound_(BAM),,,
https://yugipedia.com/wiki/Cards_for_Black_Feathers_(BAM),,,
https://yugipedia.com/wiki/Cave_Dragon_(BAM),,,
https://yugipedia.com/wiki/Ceasefire_(BAM),,,
https://yugipedia.com/wiki/Celestia,_Lightsworn_Angel_(BAM),,,
https://yugipedia.com/wiki/Cemetary_Bomb_(BAM),,,
https://yugipedia.com/wiki/Ceruli,_Guru_of_Dark_World_(BAM),,,
https://yugipedia.com/wiki/Chaos_Command_Magician_(BAM),,,
https://yugipedia.com/wiki/Chaos_Infinity_(BAM),,,
https://yugipedia.com/wiki/Charge_of_the_Light_Brigade_(BAM),,,
https://yugipedia.com/wiki/Chewbone_(BAM),,,
https://yugipedia.com/wiki/Chivalry_(BAM),,,
https://yugipedia.com/wiki/Circle_of_the_Fire_Kings_(BAM),,,
https://yugipedia.com/wiki/Coffin_Seller_(BAM),,,
https://yugipedia.com/wiki/Collected_Power_(BAM),,,
https://yugipedia.com/wiki/Combination_Attack_(BAM),,,
https://yugipedia.com/wiki/Common_Soul_(BAM),,,
https://yugipedia.com/wiki/Constellar_Acubens_(BAM),,,
https://yugipedia.com/wiki/Constellar_Aldebaran_(BAM),,,
https://yugipedia.com/wiki/Constellar_Algiedi_(BAM),,,
https://yugipedia.com/wiki/Constellar_Alrescha_(BAM),,,
https://yugipedia.com/wiki/Constellar_Antares_(BAM),,,
https://yugipedia.com/wiki/Constellar_Belt_(BAM),,,
https://yugipedia.com/wiki/Constellar_Kaus_(BAM),,,
https://yugipedia.com/wiki/Constellar_Leonis_(BAM),,,
https://yugipedia.com/wiki/Constellar_Meteor_(BAM),,,
https://yugipedia.com/wiki/Constellar_Pollux_(BAM),,,
https://yugipedia.com/wiki/Constellar_Rasalhague_(BAM),,,
https://yugipedia.com/wiki/Constellar_Sheratan_(BAM),,,
https://yugipedia.com/wiki/Constellar_Siat_(BAM),,,
https://yugipedia.com/wiki/Constellar_Sombre_(BAM),,,
https://yugipedia.com/wiki/Constellar_Star_Chart_(BAM),,,
https://yugipedia.com/wiki/Constellar_Star_Cradle_(BAM),,,
https://yugipedia.com/wiki/Constellar_Virgo_(BAM),,,
https://yugipedia.com/wiki/Constellar_Zubeneschamali_(BAM),,,
https://yugipedia.com/wiki/Contact_with_Gusto_(BAM),,,
https://yugipedia.com/wiki/Crimson_Fire_(BAM),,,
https://yugipedia.com/wiki/Crystal_Abundance_(BAM),,,
https://yugipedia.com/wiki/Crystal_Beacon_(BAM),,,
https://yugipedia.com/wiki/Crystal_Beast_Amber_Mammoth_(BAM),,,
https://yugipedia.com/wiki/Crystal_Beast_Amethyst_Cat_(BAM),,,
https://yugipedia.com/wiki/Crystal_Beast_Cobalt_Eagle_(BAM),,,
https://yugipedia.com/wiki/Crystal_Beast_Emerald_Tortoise_(BAM),,,
https://yugipedia.com/wiki/Crystal_Beast_Ruby_Carbuncle_(BAM),,,
https://yugipedia.com/wiki/Crystal_Beast_Sapphire_Pegasus_(BAM),,,
https://yugipedia.com/wiki/Crystal_Beast_Topaz_Tiger_(BAM),,,
https://yugipedia.com/wiki/Crystal_Blessing_(BAM),,,
https://yugipedia.com/wiki/Crystal_Pair_(BAM),,,
https://yugipedia.com/wiki/Crystal_Raigeki_(BAM),,,
https://yugipedia.com/wiki/Curse_of_Royal_(BAM),,,
https://yugipedia.com/wiki/Cyber_Saurus_(BAM),,,
https://yugipedia.com/wiki/Cyber_Shark_(BAM),,,
https://yugipedia.com/wiki/Dark_Balter_the_Terrible_(BAM),,,
https://yugipedia.com/wiki/Dark_Deal_(BAM),,,
https://yugipedia.com/wiki/Dark_Magician_Girl_(BAM),,,
https://yugipedia.com/wiki/Dark_Magician_of_Chaos_(BAM),,,
https://yugipedia.com/wiki/Dark_Mirror_Force_(BAM),,,
https://yugipedia.com/wiki/Dark_World_Dealings_(BAM),,,
https://yugipedia.com/wiki/Dark_World_Grimoire_(BAM),,,
https://yugipedia.com/wiki/Dark_World_Lightning_(BAM),,,
https://yugipedia.com/wiki/Decayed_Commander_(BAM),,,
https://yugipedia.com/wiki/Delta_Crow_-_Anti_Reverse_(BAM),,,
https://yugipedia.com/wiki/Destruction_Cyclone_(BAM),,,
https://yugipedia.com/wiki/Detonate_(BAM),,,
https://yugipedia.com/wiki/Different_Dimension_Deepsea_Trench_(BAM),,,
https://yugipedia.com/wiki/Double_Shark_(BAM),,,
https://yugipedia.com/wiki/Dragunity_Aklys_(BAM),,,
https://yugipedia.com/wiki/Dragunity_Angusticlavii_(BAM),,,
https://yugipedia.com/wiki/Dragunity_Arma_Leyvaten_(BAM),,,
https://yugipedia.com/wiki/Dragunity_Arma_Mystletainn_(BAM),,,
https://yugipedia.com/wiki/Dragunity_Brandistock_(BAM),,,
https://yugipedia.com/wiki/Dragunity_Corsesca_(BAM),,,
https://yugipedia.com/wiki/Dragunity_Darkspear_(BAM),,,
https://yugipedia.com/wiki/Dragunity_Dux_(BAM),,,
https://yugipedia.com/wiki/Dragunity_Javelin_(BAM),,,
https://yugipedia.com/wiki/Dragunity_Legionnaire_(BAM),,,
https://yugipedia.com/wiki/Dragunity_Militum_(BAM),,,
https://yugipedia.com/wiki/Dragunity_Partisan_(BAM),,,
https://yugipedia.com/wiki/Dragunity_Phalanx_(BAM),,,
https://yugipedia.com/wiki/Dragunity_Pilum_(BAM),,,
https://yugipedia.com/wiki/Dragunity_Primus_Pilus_(BAM),,,
https://yugipedia.com/wiki/Dragunity_Tribus_(BAM),,,
https://yugipedia.com/wiki/Dust_Storm_of_Gusto_(BAM),,,
https://yugipedia.com/wiki/Dustflame_Blast_(BAM),,,
https://yugipedia.com/wiki/Eagle_Shark_(BAM),,,
https://yugipedia.com/wiki/Earthbound_Immortal_Ccarayhua_(BAM),,,
https://yugipedia.com/wiki/Ehren,_Lightsworn_Monk_(BAM),,,
https://yugipedia.com/wiki/Elemental_HERO_Avian_(BAM),,,
https://yugipedia.com/wiki/Elemental_HERO_Bladedge_(BAM),,,
https://yugipedia.com/wiki/Elemental_HERO_Burstinatrix_(BAM),,,
https://yugipedia.com/wiki/Elemental_HERO_Clayman_(BAM),,,
https://yugipedia.com/wiki/Elemental_HERO_Ice_Edge_(BAM),,,
https://yugipedia.com/wiki/Elemental_HERO_Ocean_(BAM),,,
https://yugipedia.com/wiki/Elemental_HERO_Prisma_(BAM),,,
https://yugipedia.com/wiki/Elemental_HERO_Woodsman_(BAM),,,
https://yugipedia.com/wiki/Endless_Decay_(BAM),,,
https://yugipedia.com/wiki/Enlightenment_(BAM),,,
https://yugipedia.com/wiki/Eradicator_Epidemic_Virus_(BAM),,,
https://yugipedia.com/wiki/Evigishki_Gustkraken_(BAM),,,
https://yugipedia.com/wiki/Evigishki_Levianima_(BAM),,,
https://yugipedia.com/wiki/Evigishki_Mind_Augus_(BAM),,,
https://yugipedia.com/wiki/Evigishki_Soul_Ogre_(BAM),,,
https://yugipedia.com/wiki/Evigishki_Tetrogre_(BAM),,,
https://yugipedia.com/wiki/Evil_Blast_(BAM),,,
https://yugipedia.com/wiki/Evilswarm_Azzathoth_(BAM),,,
https://yugipedia.com/wiki/Evilswarm_Castor_(BAM),,,
https://yugipedia.com/wiki/Evilswarm_Coppelia_(BAM),,,
https://yugipedia.com/wiki/Evilswarm_Golem_(BAM),,,
https://yugipedia.com/wiki/Evilswarm_Heliotrope_(BAM),,,
https://yugipedia.com/wiki/Evilswarm_Hraesvelg_(BAM),,,
https://yugipedia.com/wiki/Evilswarm_Kerykeion_(BAM),,,
https://yugipedia.com/wiki/Evilswarm_Ketos_(BAM),,,
https://yugipedia.com/wiki/Evilswarm_Mandragora_(BAM),,,
https://yugipedia.com/wiki/Evilswarm_O%27lantern_(BAM),,,
https://yugipedia.com/wiki/Evilswarm_Obliviwisp_(BAM),,,
https://yugipedia.com/wiki/Evilswarm_Salamandra_(BAM),,,
https://yugipedia.com/wiki/Evilswarm_Thunderbird_(BAM),,,
https://yugipedia.com/wiki/Evilswarm_Zahak_(BAM),,,
https://yugipedia.com/wiki/Evolsaur_Cerato_(BAM),,,
https://yugipedia.com/wiki/Evolsaur_Darwino_(BAM),,,
https://yugipedia.com/wiki/Evolsaur_Terias_(BAM),,,
https://yugipedia.com/wiki/Evoltile_Casinerio_(BAM),,,
https://yugipedia.com/wiki/Evoltile_Elginero_(BAM),,,
https://yugipedia.com/wiki/Evoltile_Gephyro_(BAM),,,
https://yugipedia.com/wiki/Evoltile_Lagosucho_(BAM),,,
https://yugipedia.com/wiki/Evoltile_Najasho_(BAM),,,
https://yugipedia.com/wiki/Exterio%27s_Fang_(BAM),,,
https://yugipedia.com/wiki/Exxod,_Master_of_The_Guard_(BAM),,,
https://yugipedia.com/wiki/Felgrand_Dragon_(BAM),,,
https://yugipedia.com/wiki/Fenrir_(BAM),,,
https://yugipedia.com/wiki/Field_Barrier_(BAM),,,
https://yugipedia.com/wiki/Fiend_Skull_Dragon_(BAM),,,
https://yugipedia.com/wiki/Firestorm_Prominence_(BAM),,,
https://yugipedia.com/wiki/Flashbang_(BAM),,,
https://yugipedia.com/wiki/Foolish_Revival_(BAM),,,
https://yugipedia.com/wiki/Forbidden_Arts_of_the_Gishki_(BAM),,,
https://yugipedia.com/wiki/Forgotten_Temple_of_the_Deep_(BAM),,,
https://yugipedia.com/wiki/Frostosaurus_(BAM),,,
https://yugipedia.com/wiki/Galaxy_Queen%27s_Light_(BAM),,,
https://yugipedia.com/wiki/Galaxy_Storm_(BAM),,,
https://yugipedia.com/wiki/Galaxy_Wave_(BAM),,,
https://yugipedia.com/wiki/Galaxy-Eyes_Photon_Dragon_(BAM),,,
https://yugipedia.com/wiki/Garoth,_Lightsworn_Warrior_(BAM),,,
https://yugipedia.com/wiki/Gateway_to_Dark_World_(BAM),,,
https://yugipedia.com/wiki/Gishki_Abyss_(BAM),,,
https://yugipedia.com/wiki/Gishki_Aquamirror_(BAM),,,
https://yugipedia.com/wiki/Gishki_Avance_(BAM),,,
https://yugipedia.com/wiki/Gishki_Beast_(BAM),,,
https://yugipedia.com/wiki/Gishki_Chain_(BAM),,,
https://yugipedia.com/wiki/Gishki_Diviner_(BAM),,,
https://yugipedia.com/wiki/Gishki_Emilia_(BAM),,,
https://yugipedia.com/wiki/Gishki_Marker_(BAM),,,
https://yugipedia.com/wiki/Gishki_Mollusk_(BAM),,,
https://yugipedia.com/wiki/Gishki_Natalia_(BAM),,,
https://yugipedia.com/wiki/Gishki_Noellia_(BAM),,,
https://yugipedia.com/wiki/Gishki_Photomirror_(BAM),,,
https://yugipedia.com/wiki/Gishki_Reliever_(BAM),,,
https://yugipedia.com/wiki/Gishki_Shadow_(BAM),,,
https://yugipedia.com/wiki/Gishki_Vanity_(BAM),,,
https://yugipedia.com/wiki/Gishki_Vision_(BAM),,,
https://yugipedia.com/wiki/Goblin_Zombie_(BAM),,,
https://yugipedia.com/wiki/Goka,_the_Pyre_of_Malice_(BAM),,,
https://yugipedia.com/wiki/Goldd,_Wu-Lord_of_Dark_World_(BAM),,,
https://yugipedia.com/wiki/Gragonith,_Lightsworn_Dragon_(BAM),,,
https://yugipedia.com/wiki/Grandsoil_the_Elemental_Lord_(BAM),,,
https://yugipedia.com/wiki/Graverobber%27s_Retribution_(BAM),,,
https://yugipedia.com/wiki/Gren,_Tactician_of_Dark_World_(BAM),,,
https://yugipedia.com/wiki/Guardian_of_Order_(BAM),,,
https://yugipedia.com/wiki/Guardian_Sphinx_(BAM),,,
https://yugipedia.com/wiki/Guardian_Statue_(BAM),,,
https://yugipedia.com/wiki/Gusto_Codor_(BAM),,,
https://yugipedia.com/wiki/Gusto_Egul_(BAM),,,
https://yugipedia.com/wiki/Gusto_Falco_(BAM),,,
https://yugipedia.com/wiki/Gusto_Griffin_(BAM),,,
https://yugipedia.com/wiki/Gusto_Gulldo_(BAM),,,
https://yugipedia.com/wiki/Gusto_Squirro_(BAM),,,
https://yugipedia.com/wiki/Gusto_Thunbolt_(BAM),,,
https://yugipedia.com/wiki/Hammer_Shark_(BAM),,,
https://yugipedia.com/wiki/Helios_-_The_Primordial_Sun_(BAM),,,
https://yugipedia.com/wiki/Hero_Barrier_(BAM),,,
https://yugipedia.com/wiki/Hero_Blast_(BAM),,,
https://yugipedia.com/wiki/Hero_Counterattack_(BAM),,,
https://yugipedia.com/wiki/HERO%27s_Bond_(BAM),,,
https://yugipedia.com/wiki/Hidden_Spellbook_(BAM),,,
https://yugipedia.com/wiki/Hieratic_Dragon_of_Asar_(BAM),,,
https://yugipedia.com/wiki/Hieratic_Dragon_of_Eset_(BAM),,,
https://yugipedia.com/wiki/Hieratic_Dragon_of_Gebeb_(BAM),,,
https://yugipedia.com/wiki/Hieratic_Dragon_of_Nebthet_(BAM),,,
https://yugipedia.com/wiki/Hieratic_Dragon_of_Nuit_(BAM),,,
https://yugipedia.com/wiki/Hieratic_Dragon_of_Su_(BAM),,,
https://yugipedia.com/wiki/Hieratic_Dragon_of_Sutekh_(BAM),,,
https://yugipedia.com/wiki/Hieratic_Dragon_of_Tefnuit_(BAM),,,
https://yugipedia.com/wiki/Hieratic_Seal_From_the_Ashes_(BAM),,,
https://yugipedia.com/wiki/Hieratic_Seal_of_Banishment_(BAM),,,
https://yugipedia.com/wiki/Hieratic_Seal_of_Convocation_(BAM),,,
https://yugipedia.com/wiki/Hieratic_Seal_of_Reflection_(BAM),,,
https://yugipedia.com/wiki/Hieratic_Seal_of_Supremacy_(BAM),,,
https://yugipedia.com/wiki/Hieratic_Seal_of_the_Dragon_King_(BAM),,,
https://yugipedia.com/wiki/Hieratic_Seal_of_the_Sun_Dragon_Overlord_(BAM),,,
https://yugipedia.com/wiki/Hunting_Instinct_(BAM),,,
https://yugipedia.com/wiki/Hyper-Ancient_Shark_Megalodon_(BAM),,,
https://yugipedia.com/wiki/Immortal_Ruler_(BAM),,,
https://yugipedia.com/wiki/Infestation_Infection_(BAM),,,
https://yugipedia.com/wiki/Infestation_Pandemic_(BAM),,,
https://yugipedia.com/wiki/Infestation_Terminus_(BAM),,,
https://yugipedia.com/wiki/Infinite_Cards_(BAM),,,
https://yugipedia.com/wiki/Iron_Core_of_Koa%27ki_Meiru_(BAM),,,
https://yugipedia.com/wiki/Jain,_Lightsworn_Paladin_(BAM),,,
https://yugipedia.com/wiki/Jawsman_(BAM),,,
https://yugipedia.com/wiki/Jenis,_Lightsworn_Mender_(BAM),,,
https://yugipedia.com/wiki/Jinzo_-_Lord_(BAM),,,
https://yugipedia.com/wiki/Jurrac_Aeolo_(BAM),,,
https://yugipedia.com/wiki/Jurrac_Dino_(BAM),,,
https://yugipedia.com/wiki/Jurrac_Giganoto_(BAM),,,
https://yugipedia.com/wiki/Jurrac_Guaiba_(BAM),,,
https://yugipedia.com/wiki/Jurrac_Herra_(BAM),,,
https://yugipedia.com/wiki/Jurrac_Meteor_(BAM),,,
https://yugipedia.com/wiki/Jurrac_Ptera_(BAM),,,
https://yugipedia.com/wiki/Jurrac_Spinos_(BAM),,,
https://yugipedia.com/wiki/Jurrac_Stauriko_(BAM),,,
https://yugipedia.com/wiki/Kahkki,_Guerilla_of_Dark_World_(BAM),,,
https://yugipedia.com/wiki/Kamui,_Hope_of_Gusto_(BAM),,,
https://yugipedia.com/wiki/Kayenn,_the_Master_Magma_Blacksmith_(BAM),,,
https://yugipedia.com/wiki/King_of_the_Skull_Servants_(BAM),,,
https://yugipedia.com/wiki/Koa%27ki_Meiru_Boulder_(BAM),,,
https://yugipedia.com/wiki/Koa%27ki_Meiru_Guardian_(BAM),,,
https://yugipedia.com/wiki/Koa%27ki_Meiru_Initialize!_(BAM),,,
https://yugipedia.com/wiki/Koa%27ki_Meiru_Prototype_(BAM),,,
https://yugipedia.com/wiki/Koa%27ki_Meiru_Sandman_(BAM),,,
https://yugipedia.com/wiki/Koa%27ki_Meiru_Shield_(BAM),,,
https://yugipedia.com/wiki/Koa%27ki_Meiru_Wall_(BAM),,,
https://yugipedia.com/wiki/Kuriphoton_(BAM),,,
https://yugipedia.com/wiki/Landoise%27s_Luminous_Moss_(BAM),,,
https://yugipedia.com/wiki/Laval_Blaster_(BAM),,,
https://yugipedia.com/wiki/Laval_Burner_(BAM),,,
https://yugipedia.com/wiki/Laval_Cannon_(BAM),,,
https://yugipedia.com/wiki/Laval_Coatl_(BAM),,,
https://yugipedia.com/wiki/Laval_Forest_Sprite_(BAM),,,
https://yugipedia.com/wiki/Laval_Judgment_Lord_(BAM),,,
https://yugipedia.com/wiki/Laval_Lakeside_Lady_(BAM),,,
https://yugipedia.com/wiki/Laval_Lancelord_(BAM),,,
https://yugipedia.com/wiki/Laval_Magma_Cannoneer_(BAM),,,
https://yugipedia.com/wiki/Laval_Miller_(BAM),,,
https://yugipedia.com/wiki/Laval_Phlogis_(BAM),,,
https://yugipedia.com/wiki/Laval_Volcano_Handmaiden_(BAM),,,
https://yugipedia.com/wiki/Laval_Warrior_(BAM),,,
https://yugipedia.com/wiki/Legendary_Atlantean_Tridon_(BAM),,,
https://yugipedia.com/wiki/Lemuria,_the_Forgotten_City_(BAM),,,
https://yugipedia.com/wiki/Leodrake%27s_Mane_(BAM),,,
https://yugipedia.com/wiki/Light_of_Redemption_(BAM),,,
https://yugipedia.com/wiki/Light-Imprisoning_Mirror_(BAM),,,
https://yugipedia.com/wiki/Lightray_Daedalus_(BAM),,,
https://yugipedia.com/wiki/Lightray_Diabolos_(BAM),,,
https://yugipedia.com/wiki/Lightray_Gearfried_(BAM),,,
https://yugipedia.com/wiki/Lightray_Grepher_(BAM),,,
https://yugipedia.com/wiki/Lightray_Madoor_(BAM),,,
https://yugipedia.com/wiki/Lightray_Sorcerer_(BAM),,,
https://yugipedia.com/wiki/Lightsworn_Barrier_(BAM),,,
https://yugipedia.com/wiki/Lightsworn_Sabre_(BAM),,,
https://yugipedia.com/wiki/Lord_Poison_(BAM),,,
https://yugipedia.com/wiki/Lost_Guardian_(BAM),,,
https://yugipedia.com/wiki/Lumina,_Lightsworn_Summoner_(BAM),,,
https://yugipedia.com/wiki/Lyla,_Lightsworn_Sorceress_(BAM),,,
https://yugipedia.com/wiki/Madolche_Puddingcess_(BAM),,,
https://yugipedia.com/wiki/Magic_Drain_(BAM),,,
https://yugipedia.com/wiki/Malice_Ascendant_(BAM),,,
https://yugipedia.com/wiki/Master_Hyperion_(BAM),,,
https://yugipedia.com/wiki/Megarock_Dragon_(BAM),,,
https://yugipedia.com/wiki/Mermail_Abyssleed_(BAM),,,
https://yugipedia.com/wiki/Mermail_Abyssmegalo_(BAM),,,
https://yugipedia.com/wiki/Metabo-Shark_(BAM),,,
https://yugipedia.com/wiki/Miniaturize_(BAM),,,
https://yugipedia.com/wiki/Miracle%27s_Wake_(BAM),,,
https://yugipedia.com/wiki/Molten_Conduction_Field_(BAM),,,
https://yugipedia.com/wiki/Molten_Destruction_(BAM),,,
https://yugipedia.com/wiki/Molten_Whirlwind_Wall_(BAM),,,
https://yugipedia.com/wiki/Morale_Boost_(BAM),,,
https://yugipedia.com/wiki/Moulinglacia_the_Elemental_Lord_(BAM),,,
https://yugipedia.com/wiki/Musto,_Oracle_of_Gusto_(BAM),,,
https://yugipedia.com/wiki/Naturia_Antjaw_(BAM),,,
https://yugipedia.com/wiki/Naturia_Bamboo_Shoot_(BAM),,,
https://yugipedia.com/wiki/Naturia_Barkion_(BAM),,,
https://yugipedia.com/wiki/Naturia_Beans_(BAM),,,
https://yugipedia.com/wiki/Naturia_Beast_(BAM),,,
https://yugipedia.com/wiki/Naturia_Beetle_(BAM),,,
https://yugipedia.com/wiki/Naturia_Butterfly_(BAM),,,
https://yugipedia.com/wiki/Naturia_Cherries_(BAM),,,
https://yugipedia.com/wiki/Naturia_Cosmobeet_(BAM),,,
https://yugipedia.com/wiki/Naturia_Dragonfly_(BAM),,,
https://yugipedia.com/wiki/Naturia_Eggplant_(BAM),,,
https://yugipedia.com/wiki/Naturia_Exterio_(BAM),,,
https://yugipedia.com/wiki/Naturia_Fruitfly_(BAM),,,
https://yugipedia.com/wiki/Naturia_Guardian_(BAM),,,
https://yugipedia.com/wiki/Naturia_Horneedle_(BAM),,,
https://yugipedia.com/wiki/Naturia_Hydrangea_(BAM),,,
https://yugipedia.com/wiki/Naturia_Ladybug_(BAM),,,
https://yugipedia.com/wiki/Naturia_Mantis_(BAM),,,
https://yugipedia.com/wiki/Naturia_Marron_(BAM),,,
https://yugipedia.com/wiki/Naturia_Mosquito_(BAM),,,
https://yugipedia.com/wiki/Naturia_Pineapple_(BAM),,,
https://yugipedia.com/wiki/Naturia_Pumpkin_(BAM),,,
https://yugipedia.com/wiki/Naturia_Ragweed_(BAM),,,
https://yugipedia.com/wiki/Naturia_Rosewhip_(BAM),,,
https://yugipedia.com/wiki/Naturia_Spiderfang_(BAM),,,
https://yugipedia.com/wiki/Naturia_Stag_Beetle_(BAM),,,
https://yugipedia.com/wiki/Naturia_Stinkbug_(BAM),,,
https://yugipedia.com/wiki/Naturia_Strawberry_(BAM),,,
https://yugipedia.com/wiki/Naturia_Sunflower_(BAM),,,
https://yugipedia.com/wiki/Naturia_Tulip_(BAM),,,
https://yugipedia.com/wiki/Naturia_Vein_(BAM),,,
https://yugipedia.com/wiki/Naturia_White_Oak_(BAM),,,
https://yugipedia.com/wiki/Oh_Tokenbaum!_(BAM),,,
https://yugipedia.com/wiki/Panther_Shark_(BAM),,,
https://yugipedia.com/wiki/Photon_Booster_(BAM),,,
https://yugipedia.com/wiki/Photon_Caesar_(BAM),,,
https://yugipedia.com/wiki/Photon_Cerberus_(BAM),,,
https://yugipedia.com/wiki/Photon_Circle_(BAM),,,
https://yugipedia.com/wiki/Photon_Crusher_(BAM),,,
https://yugipedia.com/wiki/Photon_Current_(BAM),,,
https://yugipedia.com/wiki/Photon_Generator_Unit_(BAM),,,
https://yugipedia.com/wiki/Photon_Lead_(BAM),,,
https://yugipedia.com/wiki/Photon_Leo_(BAM),,,
https://yugipedia.com/wiki/Photon_Lizard_(BAM),,,
https://yugipedia.com/wiki/Photon_Pirate_(BAM),,,
https://yugipedia.com/wiki/Photon_Sabre_Tiger_(BAM),,,
https://yugipedia.com/wiki/Photon_Sanctuary_(BAM),,,
https://yugipedia.com/wiki/Photon_Satellite_(BAM),,,
https://yugipedia.com/wiki/Photon_Slasher_(BAM),,,
https://yugipedia.com/wiki/Photon_Thrasher_(BAM),,,
https://yugipedia.com/wiki/Photon_Trident_(BAM),,,
https://yugipedia.com/wiki/Photon_Veil_(BAM),,,
https://yugipedia.com/wiki/Photon_Wyvern_(BAM),,,
https://yugipedia.com/wiki/Plaguespreader_Zombie_(BAM),,,
https://yugipedia.com/wiki/Possessed_Dark_Soul_(BAM),,,
https://yugipedia.com/wiki/Prominence,_Molten_Swordsman_(BAM),,,
https://yugipedia.com/wiki/Psychic_Nightmare_(BAM),,,
https://yugipedia.com/wiki/Psychic_Overload_(BAM),,,
https://yugipedia.com/wiki/Pyrorex_the_Elemental_Lord_(BAM),,,
https://yugipedia.com/wiki/Radiant_Spirit_(BAM),,,
https://yugipedia.com/wiki/Raging_Earth_(BAM),,,
https://yugipedia.com/wiki/Realm_of_Light_(BAM),,,
https://yugipedia.com/wiki/Reborn_Zombie_(BAM),,,
https://yugipedia.com/wiki/Red_Dragon_Ninja_(BAM),,,
https://yugipedia.com/wiki/Red-Eyes_Black_Dragon_(BAM),,,
https://yugipedia.com/wiki/Reeze,_Whirlwind_of_Gusto_(BAM),,,
https://yugipedia.com/wiki/Reinforcement_of_the_Army_(BAM),,,
https://yugipedia.com/wiki/Rekindling_(BAM),,,
https://yugipedia.com/wiki/Release_from_Stone_(BAM),,,
https://yugipedia.com/wiki/Renge,_Gatekeeper_of_Dark_World_(BAM),,,
https://yugipedia.com/wiki/Reptilianne_Gorgon_(BAM),,,
https://yugipedia.com/wiki/Reptilianne_Medusa_(BAM),,,
https://yugipedia.com/wiki/Reptilianne_Naga_(BAM),,,
https://yugipedia.com/wiki/Reptilianne_Poison_(BAM),,,
https://yugipedia.com/wiki/Reptilianne_Rage_(BAM),,,
https://yugipedia.com/wiki/Reptilianne_Scylla_(BAM),,,
https://yugipedia.com/wiki/Reptilianne_Servant_(BAM),,,
https://yugipedia.com/wiki/Reptilianne_Spawn_(BAM),,,
https://yugipedia.com/wiki/Reptilianne_Vaskii_(BAM),,,
https://yugipedia.com/wiki/Reptilianne_Viper_(BAM),,,
https://yugipedia.com/wiki/Return_Zombie_(BAM),,,
https://yugipedia.com/wiki/Rhinotaurus_(BAM),,,
https://yugipedia.com/wiki/Rinyan,_Lightsworn_Rogue_(BAM),,,
https://yugipedia.com/wiki/Rock_Bombardment_(BAM),,,
https://yugipedia.com/wiki/Ryko,_Lightsworn_Hunter_(BAM),,,
https://yugipedia.com/wiki/Scarr,_Scout_of_Dark_World_(BAM),,,
https://yugipedia.com/wiki/Scrap_Shark_(BAM),,,
https://yugipedia.com/wiki/Searing_Fire_Wall_(BAM),,,
https://yugipedia.com/wiki/Sephylon,_the_Ultimate_Timelord_(BAM),,,
https://yugipedia.com/wiki/Shadowknight_Archfiend_(BAM),,,
https://yugipedia.com/wiki/Shark_Cruiser_(BAM),,,
https://yugipedia.com/wiki/Shark_Stickers_(BAM),,,
https://yugipedia.com/wiki/Sharkraken_(BAM),,,
https://yugipedia.com/wiki/Shire,_Lightsworn_Spirit_(BAM),,,
https://yugipedia.com/wiki/Silent_Abyss_(BAM),,,
https://yugipedia.com/wiki/Sillva,_Warlord_of_Dark_World_(BAM),,,
https://yugipedia.com/wiki/Skilled_White_Magician_(BAM),,,
https://yugipedia.com/wiki/Smashing_Ground_(BAM),,,
https://yugipedia.com/wiki/Snow_Dragon_(BAM),,,
https://yugipedia.com/wiki/Snowdust_Dragon_(BAM),,,
https://yugipedia.com/wiki/Snowman_Creator_(BAM),,,
https://yugipedia.com/wiki/Snoww,_Unlight_of_Dark_World_(BAM),,,
https://yugipedia.com/wiki/Soaring_Eagle_Above_the_Searing_Land_(BAM),,,
https://yugipedia.com/wiki/Solar_Recharge_(BAM),,,
https://yugipedia.com/wiki/Souleater_(BAM),,,
https://yugipedia.com/wiki/Space_Gift_(BAM),,,
https://yugipedia.com/wiki/Spear_Shark_(BAM),,,
https://yugipedia.com/wiki/Spiritual_Earth_Art_-_Kurogane_(BAM),,,
https://yugipedia.com/wiki/Spiritual_Light_Art_-_Hijiri_(BAM),,,
https://yugipedia.com/wiki/Spiritual_Wind_Art_-_Miyabi_(BAM),,,
https://yugipedia.com/wiki/Spiritualism_(BAM),,,
https://yugipedia.com/wiki/Star_Drawing_(BAM),,,
https://yugipedia.com/wiki/Stardust_Dragon/Assault_Mode_(BAM),,,
https://yugipedia.com/wiki/Stardust_Shimmer_(BAM),,,
https://yugipedia.com/wiki/Sunlight_Unicorn_(BAM),,,
https://yugipedia.com/wiki/Tail_Swipe_(BAM),,,
https://yugipedia.com/wiki/The_Dragon_Dwelling_in_the_Deep_(BAM),,,
https://yugipedia.com/wiki/The_Emperor%27s_Holiday_(BAM),,,
https://yugipedia.com/wiki/The_Fabled_Catsith_(BAM),,,
https://yugipedia.com/wiki/The_Fabled_Cerburrel_(BAM),,,
https://yugipedia.com/wiki/The_Fabled_Chawa_(BAM),,,
https://yugipedia.com/wiki/The_Fabled_Ganashia_(BAM),,,
https://yugipedia.com/wiki/The_Fabled_Kokkator_(BAM),,,
https://yugipedia.com/wiki/The_Fabled_Nozoochee_(BAM),,,
https://yugipedia.com/wiki/The_Fabled_Peggulsus_(BAM),,,
https://yugipedia.com/wiki/The_Fabled_Rubyruda_(BAM),,,
https://yugipedia.com/wiki/Thousand-Eyes_Idol_(BAM),,,
https://yugipedia.com/wiki/Thousand-Eyes_Restrict_(BAM),,,
https://yugipedia.com/wiki/Thunder_King_Rai-Oh_(BAM),,,
https://yugipedia.com/wiki/Tribe-Shocking_Virus_(BAM),,,
https://yugipedia.com/wiki/Ultimate_Axon_Kicker_(BAM),,,
https://yugipedia.com/wiki/Ultra_Evolution_Pill_(BAM),,,
https://yugipedia.com/wiki/Umbral_Soul_(BAM),,,
https://yugipedia.com/wiki/United_We_Stand_(BAM),,,
https://yugipedia.com/wiki/Vampire_Dragon_(BAM),,,
https://yugipedia.com/wiki/Vampire_Genesis_(BAM),,,
https://yugipedia.com/wiki/Vampire_Koala_(BAM),,,
https://yugipedia.com/wiki/Vampire_Lady_(BAM),,,
https://yugipedia.com/wiki/Vampire_Orchis_(BAM),,,
https://yugipedia.com/wiki/Vampire%27s_Curse_(BAM),,,
https://yugipedia.com/wiki/Water_Hazard_(BAM),,,
https://yugipedia.com/wiki/Wattaildragon_(BAM),,,
https://yugipedia.com/wiki/Wattberyx_(BAM),,,
https://yugipedia.com/wiki/Wattbetta_(BAM),,,
https://yugipedia.com/wiki/Wattcancel_(BAM),,,
https://yugipedia.com/wiki/Wattcine_(BAM),,,
https://yugipedia.com/wiki/Wattcobra_(BAM),,,
https://yugipedia.com/wiki/Wattdragonfly_(BAM),,,
https://yugipedia.com/wiki/Wattfox_(BAM),,,
https://yugipedia.com/wiki/Wattgiraffe_(BAM),,,
https://yugipedia.com/wiki/Watthopper_(BAM),,,
https://yugipedia.com/wiki/Wattkiwi_(BAM),,,
https://yugipedia.com/wiki/Wattlemur_(BAM),,,
https://yugipedia.com/wiki/Wattsquirrel_(BAM),,,
https://yugipedia.com/wiki/Wattwoodpecker_(BAM),,,
https://yugipedia.com/wiki/Whirlwind_of_Gusto_(BAM),,,
https://yugipedia.com/wiki/Wild_Fire_(BAM),,,
https://yugipedia.com/wiki/Wind-Up_Shark_(BAM),,,
https://yugipedia.com/wiki/Winda,_Priestess_of_Gusto_(BAM),,,
https://yugipedia.com/wiki/Windaar,_Sage_of_Gusto_(BAM),,,
https://yugipedia.com/wiki/Winged_Kuriboh_LV9_(BAM),,,
https://yugipedia.com/wiki/Wulf,_Lightsworn_Beast_(BAM),,,
https://yugipedia.com/wiki/Zombie_Master_(BAM),,,
https://yugipedia.com/wiki/Zombie_World_(BAM),,,
https://yugipedia.com/wiki/Zure,_Knight_of_Dark_World_(BAM),,,
https://yugipedia.com/wiki/Armed_Ninja_(BAM),,,
https://yugipedia.com/wiki/Lord_of_D._(BAM),,,
https://yugipedia.com/wiki/Reaper_of_the_Cards_(BAM),,,
https://yugipedia.com/wiki/Alien_Dog_(BAM),,,
https://yugipedia.com/wiki/Alien_Hypno_(BAM),,,
https://yugipedia.com/wiki/Alien_Telepath_(BAM),,,
https://yugipedia.com/wiki/Poseidra,_the_Atlantean_Dragon_(BAM),,,
https://yugipedia.com/wiki/Call_of_the_Atlanteans_(BAM),,,
https://yugipedia.com/wiki/Atlantean_Dragoons_(BAM),,,
https://yugipedia.com/wiki/Gorz_the_Emissary_of_Darkness_(BAM),,,
https://yugipedia.com/wiki/Emissary_from_Pandemonium_(BAM),,,
https://yugipedia.com/wiki/Emissary_of_the_Afterlife_(BAM),,,
https://yugipedia.com/wiki/Gearfried_the_Swordmaster_(BAM),,,
https://yugipedia.com/wiki/Endymion,_the_Master_Magician_(BAM),,,
https://yugipedia.com/wiki/Spellbook_of_the_Master_(BAM),,,
https://yugipedia.com/wiki/B.E.S._Crystal_Core_(BAM),,,
https://yugipedia.com/wiki/B.E.S._Covered_Core_(BAM),,,
https://yugipedia.com/wiki/B.E.S._Tetran_(BAM),,,
https://yugipedia.com/wiki/Darklord_Desire_(BAM),,,
https://yugipedia.com/wiki/Darklord_Asmodeus_(BAM),,,
https://yugipedia.com/wiki/Darklord_Edeh_Arae_(BAM),,,
https://yugipedia.com/wiki/Ninja_Grandmaster_Hanzo_(BAM),,,
https://yugipedia.com/wiki/Ninja_Grandmaster_Sasuke_(BAM),,,
https://yugipedia.com/wiki/Grandmaster_of_the_Six_Samurai_(BAM),,,
https://yugipedia.com/wiki/Harpie_Queen_(BAM),,,
https://yugipedia.com/wiki/Insect_Queen_(BAM),,,
https://yugipedia.com/wiki/Volcanic_Queen_(BAM),,,
https://yugipedia.com/wiki/Mahunder_(BAM),,,
https://yugipedia.com/wiki/Pahunder_(BAM),,,
https://yugipedia.com/wiki/Sishunder_(BAM),,,
https://yugipedia.com/wiki/Gladiator_Beast_Laquari_(BAM),,,
https://yugipedia.com/wiki/Gladiator_Beast_Heraklinos_(BAM),,,
https://yugipedia.com/wiki/Colosseum_-_Cage_of_the_Gladiator_Beasts_(BAM),,,
https://yugipedia.com/wiki/Gladiator_Beast_Retiari_(BAM),,,
https://yugipedia.com/wiki/Splendid_Rose_(BAM),,,
https://yugipedia.com/wiki/Genomix_Fighter_(BAM),,,
https://yugipedia.com/wiki/Trident_Dragion_(BAM),,,
https://yugipedia.com/wiki/Spellbook_of_Power_(BAM),,,
https://yugipedia.com/wiki/Jurrac_Velphito_(BAM),,,
https://yugipedia.com/wiki/Big_Whale_(BAM),,,
https://yugipedia.com/wiki/Spellbook_of_Eternity_(BAM),,,
https://yugipedia.com/wiki/Chimera_the_Flying_Mythical_Beast_(BAM),,,
https://yugipedia.com/wiki/Giganticastle_(BAM),,,
https://yugipedia.com/wiki/Raviel,_Lord_of_Phantasms_(BAM),,,
https://yugipedia.com/wiki/Hamon,_Lord_of_Striking_Thunder_(BAM),,,
https://yugipedia.com/wiki/Uria,_Lord_of_Searing_Flames_(BAM),,,
https://yugipedia.com/wiki/Ancient_Flamvell_Deity_(BAM),,,
https://yugipedia.com/wiki/Flamvell_Archer_(BAM),,,
https://yugipedia.com/wiki/Flamvell_Commando_(BAM),,,
https://yugipedia.com/wiki/Flamvell_Counter_(BAM),,,
https://yugipedia.com/wiki/Flamvell_Dragnov_(BAM),,,
https://yugipedia.com/wiki/Flamvell_Fiend_(BAM),,,
https://yugipedia.com/wiki/Flamvell_Firedog_(BAM),,,
https://yugipedia.com/wiki/Flamvell_Grunika_(BAM),,,
https://yugipedia.com/wiki/Flamvell_Guard_(BAM),,,
https://yugipedia.com/wiki/Flamvell_Magician_(BAM),,,
https://yugipedia.com/wiki/Flamvell_Uruquizas_(BAM),,,
https://yugipedia.com/wiki/Neo_Flamvell_Hedgehog_(BAM),,,
https://yugipedia.com/wiki/Neo_Flamvell_Origin_(BAM),,,
https://yugipedia.com/wiki/Neo_Flamvell_Sabre_(BAM),,,
https://yugipedia.com/wiki/Neo_Flamvell_Shaman_(BAM),,,
https://yugipedia.com/wiki/Cyber_Summon_Blaster_(BAM),,,
https://yugipedia.com/wiki/Iron_Call_(BAM),,,
https://yugipedia.com/wiki/Limiter_Removal_(BAM),,,
https://yugipedia.com/wiki/Mecha_Phantom_Beast_Blackfalcon_(BAM),,,
https://yugipedia.com/wiki/Mecha_Phantom_Beast_Blue_Impala_(BAM),,,
https://yugipedia.com/wiki/Mecha_Phantom_Beast_Coltwing_(BAM),,,
https://yugipedia.com/wiki/Mecha_Phantom_Beast_Concoruda_(BAM),,,
https://yugipedia.com/wiki/Mecha_Phantom_Beast_Hamstrat_(BAM),,,
https://yugipedia.com/wiki/Mecha_Phantom_Beast_Harrliard_(BAM),,,
https://yugipedia.com/wiki/Mecha_Phantom_Beast_Kalgriffin_(BAM),,,
https://yugipedia.com/wiki/Mecha_Phantom_Beast_Megaraptor_(BAM),,,
https://yugipedia.com/wiki/Mecha_Phantom_Beast_Stealthray_(BAM),,,
https://yugipedia.com/wiki/Mecha_Phantom_Beast_Tetherwolf_(BAM),,,
https://yugipedia.com/wiki/Mecha_Phantom_Beast_Turtletracer_(BAM),,,
https://yugipedia.com/wiki/Neo_Flamvell_Hedgehog_(BAM),,,
https://yugipedia.com/wiki/Neo_Flamvell_Origin_(BAM),,,
https://yugipedia.com/wiki/Neo_Flamvell_Sabre_(BAM),,,
https://yugipedia.com/wiki/Scramble!!_Scramble!!_(BAM),,,
https://yugipedia.com/wiki/Brotherhood_of_the_Fire_Fist_-_Buffalo_(BAM),,,
https://yugipedia.com/wiki/Brotherhood_of_the_Fire_Fist_-_Boar_(BAM),,,
https://yugipedia.com/wiki/Brotherhood_of_the_Fire_Fist_-_Caribou_(BAM),,,
https://yugipedia.com/wiki/Brotherhood_of_the_Fire_Fist_-_Coyote_(BAM),,,
https://yugipedia.com/wiki/Brotherhood_of_the_Fire_Fist_-_Horse_Prince_(BAM),,,
https://yugipedia.com/wiki/Brotherhood_of_the_Fire_Fist_-_Kirin_(BAM),,,
https://yugipedia.com/wiki/Brotherhood_of_the_Fire_Fist_-_Snake_(BAM),,,
https://yugipedia.com/wiki/Brotherhood_of_the_Fire_Fist_-_Spirit_(BAM),,,
https://yugipedia.com/wiki/Brotherhood_of_the_Fire_Fist_-_Swallow_(BAM),,,
https://yugipedia.com/wiki/Fire_Formation_-_Tenken_(BAM),,,
https://yugipedia.com/wiki/Fire_Formation_-_Tenki_(BAM),,,
https://yugipedia.com/wiki/Fire_Formation_-_Tensen_(BAM),,,
https://yugipedia.com/wiki/Ultimate_Fire_Formation_-_Seito_(BAM),,,
https://yugipedia.com/wiki/Divine_Wind_of_Mist_Valley_(BAM),,,
https://yugipedia.com/wiki/Mist_Valley_Apex_Avian_(BAM),,,
https://yugipedia.com/wiki/Mist_Valley_Baby_Roc_(BAM),,,
https://yugipedia.com/wiki/Mist_Valley_Executor_(BAM),,,
https://yugipedia.com/wiki/Mist_Valley_Falcon_(BAM),,,
https://yugipedia.com/wiki/Mist_Valley_Shaman_(BAM),,,
https://yugipedia.com/wiki/Mist_Valley_Soldier_(BAM),,,
https://yugipedia.com/wiki/Mist_Valley_Thunder_Lord_(BAM),,,
https://yugipedia.com/wiki/Mist_Valley_Thunderbird_(BAM),,,
https://yugipedia.com/wiki/Mist_Valley_Watcher_(BAM),,,
https://yugipedia.com/wiki/Mist_Valley_Windmaster_(BAM),,,
https://yugipedia.com/wiki/Shrine_of_Mist_Valley_(BAM),,,
https://yugipedia.com/wiki/Windrose_the_Elemental_Lord_(BAM),,,
https://yugipedia.com/wiki/Elemental_HERO_Absolute_Zero_(BAM),,,
https://yugipedia.com/wiki/Elemental_HERO_Bubbleman_(BAM),,,
https://yugipedia.com/wiki/Elemental_HERO_Escuridao_(BAM),,,
https://yugipedia.com/wiki/Elemental_HERO_Gaia_(BAM),,,
https://yugipedia.com/wiki/Elemental_HERO_Great_Tornado_(BAM),,,
https://yugipedia.com/wiki/Elemental_HERO_Lady_Heat_(BAM),,,
https://yugipedia.com/wiki/Elemental_HERO_Necroshade_(BAM),,,
https://yugipedia.com/wiki/Elemental_HERO_Nova_Master_(BAM),,,
https://yugipedia.com/wiki/Elemental_HERO_Stratos_(BAM),,,
https://yugipedia.com/wiki/Elemental_HERO_Wildheart_(BAM),,,
https://yugipedia.com/wiki/Red_Dragon_Archfiend/Assault_Mode_(BAM),,,
https://yugipedia.com/wiki/Asceticism_of_the_Six_Samurai_(BAM),,,
https://yugipedia.com/wiki/Legendary_Six_Samurai_-_Shinai_(BAM),,,
https://yugipedia.com/wiki/The_Six_Samurai_-_Irou_(BAM),,,
https://yugipedia.com/wiki/The_Six_Samurai_-_Kamon_(BAM),,,
https://yugipedia.com/wiki/The_Six_Samurai_-_Nisashi_(BAM),,,
https://yugipedia.com/wiki/The_Six_Samurai_-_Yaichi_(BAM),,,
https://yugipedia.com/wiki/The_Six_Samurai_-_Yariza_(BAM),,,
https://yugipedia.com/wiki/The_Six_Samurai_-_Zanji_(BAM),,,
https://yugipedia.com/wiki/Six_Samurai_United_(BAM),,,